location,iso_code,date,total_cases,new_cases,total_deaths,new_deaths,total_vaccinations,population
CountryA,COU,2021-01-01,85744,85744,1857,1857,0,182924028
CountryA,COU,2021-01-02,86402,658,1871,14,178,35202749
CountryA,COU,2021-01-03,87065,663,1885,14,356,95197821
CountryA,COU,2021-01-04,87733,668,1900,14,534,186230371
CountryA,COU,2021-01-05,88407,673,1914,14,712,54070818
CountryA,COU,2021-01-06,89085,678,1929,14,890,68664407
CountryA,COU,2021-01-07,89769,683,1944,14,1068,4173091
CountryA,COU,2021-01-08,90458,689,1959,14,1246,31000155
CountryA,COU,2021-01-09,91152,694,1974,15,1424,12244704
CountryA,COU,2021-01-10,91852,699,1989,15,1602,36735773
CountryA,COU,2021-01-11,92557,705,2004,15,1780,14208140
CountryA,COU,2021-01-12,93267,710,2020,15,1958,79722156
CountryA,COU,2021-01-13,93983,715,2035,15,2136,121224567
CountryA,COU,2021-01-14,94705,721,2051,15,2314,147137528
CountryA,COU,2021-01-15,95432,726,2066,15,2492,182958834
CountryA,COU,2021-01-16,96164,732,2082,15,2670,142594685
CountryA,COU,2021-01-17,96902,738,2098,15,2848,165835255
CountryA,COU,2021-01-18,97646,743,2114,16,3026,185113687
CountryA,COU,2021-01-19,98395,749,2131,16,3204,151691553
CountryA,COU,2021-01-20,99151,755,2147,16,3382,106393801
CountryA,COU,2021-01-21,99912,761,2163,16,3560,166449084
CountryA,COU,2021-01-22,100679,766,2180,16,3738,78946954
CountryA,COU,2021-01-23,101451,772,2197,16,3916,116937994
CountryA,COU,2021-01-24,102230,778,2214,16,4094,189100078
CountryA,COU,2021-01-25,103015,784,2231,16,4272,141405523
CountryA,COU,2021-01-26,103805,790,2248,17,4450,114645311
CountryA,COU,2021-01-27,104602,796,2265,17,4628,69964624
CountryA,COU,2021-01-28,105405,802,2282,17,4806,27572149
CountryA,COU,2021-01-29,106214,809,2300,17,4984,126406374
CountryA,COU,2021-01-30,107029,815,2318,17,5162,93322260
CountryA,COU,2021-01-31,107851,821,2335,17,5340,41271710
CountryA,COU,2021-02-01,108679,827,2353,17,5518,18038545
CountryA,COU,2021-02-02,109513,834,2371,18,5696,19480713
CountryA,COU,2021-02-03,110354,840,2390,18,5874,62506285
CountryA,COU,2021-02-04,111201,847,2408,18,6052,37727815
CountryA,COU,2021-02-05,112054,853,2426,18,6230,172741673
CountryA,COU,2021-02-06,112914,860,2445,18,6408,39815974
CountryA,COU,2021-02-07,113781,866,2464,18,6586,34143539
CountryA,COU,2021-02-08,114654,873,2483,18,6764,31357773
CountryA,COU,2021-02-09,115534,880,2502,19,6942,68387014
CountryA,COU,2021-02-10,116421,886,2521,19,7120,4767799
CountryA,COU,2021-02-11,117315,893,2540,19,7298,99743658
CountryA,COU,2021-02-12,118215,900,2560,19,7476,8806728
CountryA,COU,2021-02-13,119123,907,2579,19,7654,133860685
CountryA,COU,2021-02-14,120037,914,2599,19,7832,47559235
CountryA,COU,2021-02-15,120958,921,2619,19,8010,88794016
CountryA,COU,2021-02-16,121887,928,2639,20,8188,86933537
CountryA,COU,2021-02-17,122822,935,2660,20,8366,55211684
CountryA,COU,2021-02-18,123765,942,2680,20,8544,3796709
CountryA,COU,2021-02-19,124715,949,2701,20,8722,50793301
CountryA,COU,2021-02-20,125672,957,2721,20,8900,8067335
CountryA,COU,2021-02-21,126637,964,2742,20,9078,101300777
CountryA,COU,2021-02-22,127609,972,2763,21,9256,146130489
CountryA,COU,2021-02-23,128588,979,2784,21,9434,133055576
CountryA,COU,2021-02-24,129575,986,2806,21,9612,60639416
CountryA,COU,2021-02-25,130570,994,2827,21,9790,108037840
CountryA,COU,2021-02-26,131572,1002,2849,21,9968,149060103
CountryA,COU,2021-02-27,132582,1009,2871,21,10146,197157167
CountryA,COU,2021-02-28,133600,1017,2893,22,10324,44967789
CountryA,COU,2021-03-01,134625,1025,2915,22,10502,66376284
CountryA,COU,2021-03-02,135658,1033,2938,22,10680,174966383
CountryA,COU,2021-03-03,136700,1041,2960,22,10858,171319268
CountryA,COU,2021-03-04,137749,1049,2983,22,11036,29528828
CountryA,COU,2021-03-05,138806,1057,3006,22,11214,145591399
CountryA,COU,2021-03-06,139872,1065,3029,23,11392,176362300
CountryA,COU,2021-03-07,140945,1073,3052,23,11570,104066646
CountryA,COU,2021-03-08,142027,1081,3076,23,11748,114296456
CountryA,COU,2021-03-09,143117,1090,3099,23,11926,191380537
CountryA,COU,2021-03-10,144216,1098,3123,23,12104,159997094
CountryA,COU,2021-03-11,145323,1106,3147,23,12282,193000267
CountryA,COU,2021-03-12,146438,1115,3171,24,12460,50866060
CountryA,COU,2021-03-13,147562,1124,3195,24,12638,53870003
CountryA,COU,2021-03-14,148695,1132,3220,24,12816,68769429
CountryA,COU,2021-03-15,149836,1141,3245,24,12994,45770425
CountryA,COU,2021-03-16,150986,1150,3270,24,13172,144853606
CountryA,COU,2021-03-17,152145,1158,3295,25,13350,19835089
CountryA,COU,2021-03-18,153313,1167,3320,25,13528,117984371
CountryA,COU,2021-03-19,154490,1176,3345,25,13706,88222213
CountryA,COU,2021-03-20,155676,1185,3371,25,13884,134196647
CountryA,COU,2021-03-21,156871,1194,3397,25,14062,145020882
CountryA,COU,2021-03-22,158075,1204,3423,26,14240,163057309
CountryA,COU,2021-03-23,159288,1213,3449,26,14418,85272761
CountryA,COU,2021-03-24,160511,1222,3476,26,14596,106114765
CountryA,COU,2021-03-25,161743,1232,3503,26,14774,190541670
CountryA,COU,2021-03-26,162984,1241,3529,26,14952,159422566
CountryA,COU,2021-03-27,164235,1251,3557,27,15130,89598399
CountryA,COU,2021-03-28,165496,1260,3584,27,15308,150284918
CountryA,COU,2021-03-29,166766,1270,3611,27,15486,188165356
CountryA,COU,2021-03-30,168046,1280,3639,27,15664,20692883
CountryA,COU,2021-03-31,169336,1289,3667,27,15842,150904091
CountryA,COU,2021-04-01,170636,1299,3695,28,16020,30188658
CountryA,COU,2021-04-02,171945,1309,3724,28,16198,154357872
CountryA,COU,2021-04-03,173265,1319,3752,28,16376,164006845
CountryA,COU,2021-04-04,174595,1329,3781,28,16554,106983700
CountryA,COU,2021-04-05,175935,1340,3810,29,16732,53367171
CountryA,COU,2021-04-06,177286,1350,3839,29,16910,177072358
CountryA,COU,2021-04-07,178646,1360,3869,29,17088,105443067
CountryA,COU,2021-04-08,180018,1371,3898,29,17266,30078723
CountryA,COU,2021-04-09,181399,1381,3928,29,17444,140323908
CountryA,COU,2021-04-10,182792,1392,3958,30,17622,157716028
CountryA,COU,2021-04-11,184195,1403,3989,30,17801,37996539
CountryA,COU,2021-04-12,185609,1413,4019,30,17979,199746202
CountryA,COU,2021-04-13,187033,1424,4050,30,18157,46616486
CountryA,COU,2021-04-14,188469,1435,4081,31,18335,45409364
CountryA,COU,2021-04-15,189915,1446,4113,31,18513,152815092
CountryA,COU,2021-04-16,191373,1457,4144,31,18691,185392289
CountryA,COU,2021-04-17,192842,1468,4176,31,18869,185512461
CountryA,COU,2021-04-18,194322,1480,4208,32,19047,42623712
CountryA,COU,2021-04-19,195814,1491,4240,32,19225,4458757
CountryA,COU,2021-04-20,197317,1502,4273,32,19403,195446606
CountryA,COU,2021-04-21,198831,1514,4306,32,19581,48952657
CountryA,COU,2021-04-22,200357,1526,4339,33,19759,116443510
CountryA,COU,2021-04-23,201895,1537,4372,33,19937,126949509
CountryA,COU,2021-04-24,203445,1549,4406,33,20115,130301130
CountryA,COU,2021-04-25,205007,1561,4440,33,20293,135732841
CountryA,COU,2021-04-26,206580,1573,4474,34,20471,49739145
CountryA,COU,2021-04-27,208166,1585,4508,34,20649,100332087
CountryA,COU,2021-04-28,209764,1597,4543,34,20827,10028917
CountryA,COU,2021-04-29,211374,1610,4577,34,21005,14286564
CountryA,COU,2021-04-30,212996,1622,4613,35,21183,199019731
CountryA,COU,2021-05-01,214631,1634,4648,35,21361,129250376
CountryA,COU,2021-05-02,216278,1647,4684,35,21539,59354100
CountryA,COU,2021-05-03,217938,1660,4720,35,21717,166640141
CountryA,COU,2021-05-04,219611,1672,4756,36,21895,197020584
CountryA,COU,2021-05-05,221297,1685,4792,36,22073,153250672
CountryA,COU,2021-05-06,222995,1698,4829,36,22251,81881263
CountryA,COU,2021-05-07,224707,1711,4866,37,22429,7835829
CountryA,COU,2021-05-08,226432,1724,4904,37,22607,167106784
CountryA,COU,2021-05-09,228170,1738,4941,37,22785,152553447
CountryA,COU,2021-05-10,229921,1751,4979,37,22963,151260522
CountryA,COU,2021-05-11,231686,1764,5017,38,23141,93700974
CountryA,COU,2021-05-12,233464,1778,5056,38,23319,37457475
CountryA,COU,2021-05-13,235256,1791,5095,38,23497,119432494
CountryA,COU,2021-05-14,237062,1805,5134,39,23675,140188135
CountryA,COU,2021-05-15,238882,1819,5173,39,23853,144085541
CountryA,COU,2021-05-16,240715,1833,5213,39,24031,18467707
CountryA,COU,2021-05-17,242563,1847,5253,40,24209,191913665
CountryA,COU,2021-05-18,244425,1861,5293,40,24387,6885245
CountryA,COU,2021-05-19,246301,1876,5334,40,24565,21289654
CountryA,COU,2021-05-20,248191,1890,5375,40,24743,186203579
CountryA,COU,2021-05-21,250096,1905,5416,41,24921,164961403
CountryA,COU,2021-05-22,252016,1919,5458,41,25099,44393120
CountryA,COU,2021-05-23,253950,1934,5500,41,25277,39036221
CountryA,COU,2021-05-24,255900,1949,5542,42,25455,59553550
CountryA,COU,2021-05-25,257864,1964,5584,42,25633,57417475
CountryA,COU,2021-05-26,259843,1979,5627,42,25811,137604999
CountryA,COU,2021-05-27,261837,1994,5670,43,25989,73188420
CountryA,COU,2021-05-28,263847,2009,5714,43,26167,48424527
CountryA,COU,2021-05-29,265872,2025,5758,43,26345,132516114
CountryA,COU,2021-05-30,267913,2040,5802,44,26523,157212708
CountryA,COU,2021-05-31,269970,2056,5847,44,26701,186772627
CountryA,COU,2021-06-01,272042,2072,5891,44,26879,14215070
CountryA,COU,2021-06-02,274130,2088,5937,45,27057,52125418
CountryA,COU,2021-06-03,276234,2104,5982,45,27235,192664898
CountryA,COU,2021-06-04,278354,2120,6028,45,27413,145844861
CountryA,COU,2021-06-05,280491,2136,6074,46,27591,78316754
CountryA,COU,2021-06-06,282644,2152,6121,46,27769,175269019
CountryA,COU,2021-06-07,284813,2169,6168,46,27947,153598184
CountryA,COU,2021-06-08,286999,2186,6215,47,28125,199920576
CountryA,COU,2021-06-09,289202,2202,6263,47,28303,150753094
CountryA,COU,2021-06-10,291422,2219,6311,48,28481,54995860
CountryA,COU,2021-06-11,293659,2236,6360,48,28659,120399331
CountryA,COU,2021-06-12,295913,2254,6408,48,28837,44530078
CountryA,COU,2021-06-13,298184,2271,6458,49,29015,135222304
CountryA,COU,2021-06-14,300473,2288,6507,49,29193,157490943
CountryA,COU,2021-06-15,302779,2306,6557,49,29371,47283827
CountryA,COU,2021-06-16,305103,2324,6607,50,29549,41999226
CountryA,COU,2021-06-17,307445,2341,6658,50,29727,67918049
CountryA,COU,2021-06-18,309805,2359,6709,51,29905,40959362
CountryA,COU,2021-06-19,312183,2377,6761,51,30083,156137407
CountryA,COU,2021-06-20,314579,2396,6813,51,30261,22060908
CountryA,COU,2021-06-21,316994,2414,6865,52,30439,103106695
CountryA,COU,2021-06-22,319427,2433,6918,52,30617,21260405
CountryA,COU,2021-06-23,321879,2451,6971,53,30795,127272405
CountryA,COU,2021-06-24,324349,2470,7024,53,30973,199493175
CountryA,COU,2021-06-25,326839,2489,7078,53,31151,32060203
CountryA,COU,2021-06-26,329348,2508,7133,54,31329,77251418
CountryA,COU,2021-06-27,331875,2527,7187,54,31507,36597427
CountryA,COU,2021-06-28,334423,2547,7242,55,31685,85882127
CountryA,COU,2021-06-29,336990,2566,7298,55,31863,183954088
CountryA,COU,2021-06-30,339576,2586,7354,56,32041,100090139
CountryA,COU,2021-07-01,342183,2606,7411,56,32219,179400178
CountryA,COU,2021-07-02,344809,2626,7467,56,32397,15431416
CountryA,COU,2021-07-03,347456,2646,7525,57,32575,104389753
CountryA,COU,2021-07-04,350123,2666,7583,57,32753,40761866
CountryA,COU,2021-07-05,352810,2687,7641,58,32931,172706316
CountryA,COU,2021-07-06,355518,2708,7699,58,33109,180662307
CountryA,COU,2021-07-07,358247,2728,7758,59,33287,46867469
CountryA,COU,2021-07-08,360997,2749,7818,59,33465,131279156
CountryA,COU,2021-07-09,363768,2770,7878,60,33643,109240452
CountryA,COU,2021-07-10,366560,2792,7938,60,33821,159944966
CountryA,COU,2021-07-11,369373,2813,7999,60,33999,109168880
CountryA,COU,2021-07-12,372209,2835,8061,61,34177,72204066
CountryA,COU,2021-07-13,375066,2856,8123,61,34355,42327420
CountryA,COU,2021-07-14,377944,2878,8185,62,34533,127027902
CountryA,COU,2021-07-15,380845,2900,8248,62,34711,150659681
CountryA,COU,2021-07-16,383769,2923,8311,63,34889,153199386
CountryA,COU,2021-07-17,386714,2945,8375,63,35067,85449496
CountryA,COU,2021-07-18,389682,2968,8439,64,35245,110607510
CountryA,COU,2021-07-19,392674,2991,8504,64,35424,175383848
CountryB,COU,2021-01-01,75588,75588,1705,1705,0,117327018
CountryB,COU,2021-01-02,76827,1239,1733,27,111,162305708
CountryB,COU,2021-01-03,78087,1259,1761,28,222,124890269
CountryB,COU,2021-01-04,79367,1280,1790,28,334,191407496
CountryB,COU,2021-01-05,80669,1301,1819,29,445,29430325
CountryB,COU,2021-01-06,81992,1322,1849,29,557,94378489
CountryB,COU,2021-01-07,83336,1344,1880,30,668,100897961
CountryB,COU,2021-01-08,84703,1366,1910,30,779,100480834
CountryB,COU,2021-01-09,86092,1388,1942,31,891,77850495
CountryB,COU,2021-01-10,87503,1411,1974,31,1002,43784034
CountryB,COU,2021-01-11,88938,1434,2006,32,1114,2942202
CountryB,COU,2021-01-12,90397,1458,2039,32,1225,71403021
CountryB,COU,2021-01-13,91879,1482,2072,33,1336,145507027
CountryB,COU,2021-01-14,93385,1506,2106,33,1448,156383830
CountryB,COU,2021-01-15,94917,1531,2141,34,1559,144129373
CountryB,COU,2021-01-16,96473,1556,2176,35,1671,42906887
CountryB,COU,2021-01-17,98055,1581,2212,35,1782,27891904
CountryB,COU,2021-01-18,99663,1607,2248,36,1894,140447221
CountryB,COU,2021-01-19,101297,1634,2285,36,2005,138091588
CountryB,COU,2021-01-20,102958,1661,2322,37,2116,41152719
CountryB,COU,2021-01-21,104647,1688,2360,38,2228,95689517
CountryB,COU,2021-01-22,106363,1715,2399,38,2339,88716119
CountryB,COU,2021-01-23,108107,1744,2438,39,2451,26291358
CountryB,COU,2021-01-24,109880,1772,2478,39,2562,142513022
CountryB,COU,2021-01-25,111681,1801,2519,40,2673,117886524
CountryB,COU,2021-01-26,113513,1831,2560,41,2785,183196961
CountryB,COU,2021-01-27,115374,1861,2602,41,2896,5506628
CountryB,COU,2021-01-28,117266,1891,2645,42,3008,86701266
CountryB,COU,2021-01-29,119189,1922,2688,43,3119,198932680
CountryB,COU,2021-01-30,121143,1954,2733,44,3230,48871967
CountryB,COU,2021-01-31,123130,1986,2777,44,3342,135175841
CountryB,COU,2021-02-01,125149,2019,2823,45,3453,1207651
CountryB,COU,2021-02-02,127201,2052,2869,46,3565,24794142
CountryB,COU,2021-02-03,129287,2085,2916,47,3676,197623325
CountryB,COU,2021-02-04,131407,2120,2964,47,3788,100893026
CountryB,COU,2021-02-05,133562,2154,3013,48,3899,97629347
CountryB,COU,2021-02-06,135752,2190,3062,49,4010,151885093
CountryB,COU,2021-02-07,137978,2226,3112,50,4122,60894695
CountryB,COU,2021-02-08,140241,2262,3163,51,4233,82860499
CountryB,COU,2021-02-09,142540,2299,3215,51,4345,110922524
CountryB,COU,2021-02-10,144878,2337,3268,52,4456,173145577
CountryB,COU,2021-02-11,147253,2375,3322,53,4567,27611518
CountryB,COU,2021-02-12,149668,2414,3376,54,4679,132725655
CountryB,COU,2021-02-13,152122,2454,3431,55,4790,159053821
CountryB,COU,2021-02-14,154617,2494,3488,56,4902,14356518
CountryB,COU,2021-02-15,157152,2535,3545,57,5013,82895065
CountryB,COU,2021-02-16,159729,2576,3603,58,5124,185180239
CountryB,COU,2021-02-17,162348,2619,3662,59,5236,83442809
CountryB,COU,2021-02-18,165010,2662,3722,60,5347,96486712
CountryB,COU,2021-02-19,167716,2705,3783,61,5459,137538241
CountryB,COU,2021-02-20,170466,2750,3845,62,5570,57397329
CountryB,COU,2021-02-21,173262,2795,3908,63,5682,197951072
CountryB,COU,2021-02-22,176103,2841,3972,64,5793,160618013
CountryB,COU,2021-02-23,178991,2887,4038,65,5904,10296341
CountryB,COU,2021-02-24,181926,2935,4104,66,6016,162864802
CountryB,COU,2021-02-25,184909,2983,4171,67,6127,62142636
CountryB,COU,2021-02-26,187941,3032,4240,68,6239,192999271
CountryB,COU,2021-02-27,191023,3081,4309,69,6350,44444973
CountryB,COU,2021-02-28,194155,3132,4380,70,6461,11309355
CountryB,COU,2021-03-01,197339,3183,4452,71,6573,142426826
CountryB,COU,2021-03-02,200575,3235,4525,73,6684,85848635
CountryB,COU,2021-03-03,203864,3289,4599,74,6796,25095045
CountryB,COU,2021-03-04,207207,3342,4674,75,6907,11114504
CountryB,COU,2021-03-05,210605,3397,4751,76,7018,31195337
CountryB,COU,2021-03-06,214058,3453,4829,77,7130,140007942
CountryB,COU,2021-03-07,217568,3510,4908,79,7241,101928151
CountryB,COU,2021-03-08,221136,3567,4988,80,7353,191805800
CountryB,COU,2021-03-09,224762,3626,5070,81,7464,42276816
CountryB,COU,2021-03-10,228448,3685,5153,83,7576,154867739
CountryB,COU,2021-03-11,232194,3746,5238,84,7687,114029188
CountryB,COU,2021-03-12,236001,3807,5324,85,7798,141463700
CountryB,COU,2021-03-13,239871,3869,5411,87,7910,24158054
CountryB,COU,2021-03-14,243804,3933,5500,88,8021,124342539
CountryB,COU,2021-03-15,247802,3997,5590,90,8133,169116691
CountryB,COU,2021-03-16,251866,4063,5682,91,8244,180175656
CountryB,COU,2021-03-17,255996,4130,5775,93,8355,21009392
CountryB,COU,2021-03-18,260194,4197,5870,94,8467,196172897
CountryB,COU,2021-03-19,264460,4266,5966,96,8578,119776573
CountryB,COU,2021-03-20,268797,4336,6064,97,8690,58597819
CountryB,COU,2021-03-21,273205,4407,6163,99,8801,161416266
CountryB,COU,2021-03-22,277685,4479,6264,101,8912,139285862
CountryB,COU,2021-03-23,282238,4553,6367,102,9024,153013569
CountryB,COU,2021-03-24,286866,4628,6471,104,9135,19739813
CountryB,COU,2021-03-25,291570,4704,6577,106,9247,81026130
CountryB,COU,2021-03-26,296351,4781,6685,107,9358,56911146
CountryB,COU,2021-03-27,301211,4859,6795,109,9470,174647374
CountryB,COU,2021-03-28,306150,4939,6906,111,9581,11942895
CountryB,COU,2021-03-29,311170,5020,7020,113,9692,62846631
CountryB,COU,2021-03-30,316273,5102,7135,115,9804,29414425
CountryB,COU,2021-03-31,321459,5186,7252,117,9915,50516113
CountryB,COU,2021-04-01,326730,5271,7371,118,10027,8767223
CountryB,COU,2021-04-02,332088,5357,7492,120,10138,17870519
CountryB,COU,2021-04-03,337533,5445,7614,122,10249,77700541
CountryB,COU,2021-04-04,343068,5534,7739,124,10361,178771009
CountryB,COU,2021-04-05,348694,5625,7866,126,10472,197847684
CountryB,COU,2021-04-06,354412,5717,7995,128,10584,50577459
CountryB,COU,2021-04-07,360223,5811,8126,131,10695,194060243
CountryB,COU,2021-04-08,366130,5906,8260,133,10806,127478988
CountryB,COU,2021-04-09,372134,6003,8395,135,10918,22558675
CountryB,COU,2021-04-10,378236,6102,8533,137,11029,58103274
CountryB,COU,2021-04-11,384438,6202,8673,139,11141,10345722
CountryB,COU,2021-04-12,390742,6303,8815,142,11252,95935553
CountryB,COU,2021-04-13,397150,6407,8959,144,11364,155581071
CountryB,COU,2021-04-14,403662,6512,9106,146,11475,85951517
CountryB,COU,2021-04-15,410281,6619,9256,149,11586,17712433
CountryB,COU,2021-04-16,417009,6727,9407,151,11698,33718235
CountryB,COU,2021-04-17,423847,6838,9562,154,11809,47764867
CountryB,COU,2021-04-18,430797,6950,9718,156,11921,155704511
CountryB,COU,2021-04-19,437862,7064,9878,159,12032,36401650
CountryB,COU,2021-04-20,445042,7180,10040,161,12143,35566929
CountryB,COU,2021-04-21,452339,7297,10204,164,12255,30054750
CountryB,COU,2021-04-22,459757,7417,10372,167,12366,13398467
CountryB,COU,2021-04-23,467296,7539,10542,170,12478,109409923
CountryB,COU,2021-04-24,474958,7662,10715,172,12589,43632199
CountryB,COU,2021-04-25,482747,7788,10890,175,12700,37732829
CountryB,COU,2021-04-26,490663,7916,11069,178,12812,15791486
CountryB,COU,2021-04-27,498709,8045,11251,181,12923,125536131
CountryB,COU,2021-04-28,506886,8177,11435,184,13035,34384548
CountryB,COU,2021-04-29,515198,8311,11623,187,13146,83838123
CountryB,COU,2021-04-30,523646,8448,11813,190,13258,65634141
CountryB,COU,2021-05-01,532233,8586,12007,193,13369,86866909
CountryB,COU,2021-05-02,540961,8727,12204,196,13480,61475765
CountryB,COU,2021-05-03,549831,8870,12404,200,13592,164005013
CountryB,COU,2021-05-04,558847,9016,12607,203,13703,163311817
CountryB,COU,2021-05-05,568011,9163,12814,206,13815,83155134
CountryB,COU,2021-05-06,577325,9314,13024,210,13926,25103675
CountryB,COU,2021-05-07,586792,9466,13238,213,14037,17525776
CountryB,COU,2021-05-08,596414,9622,13455,217,14149,3432022
CountryB,COU,2021-05-09,606194,9779,13675,220,14260,71816855
CountryB,COU,2021-05-10,616135,9940,13900,224,14372,63805579
CountryB,COU,2021-05-11,626238,10103,14128,227,14483,46365042
CountryB,COU,2021-05-12,636507,10268,14359,231,14594,51273225
CountryB,COU,2021-05-13,646944,10437,14595,235,14706,113939616
CountryB,COU,2021-05-14,657553,10608,14834,239,14817,10896747
CountryB,COU,2021-05-15,668335,10782,15077,243,14929,26227743
CountryB,COU,2021-05-16,679295,10959,15325,247,15040,158969385
CountryB,COU,2021-05-17,690434,11138,15576,251,15152,145718613
CountryB,COU,2021-05-18,701755,11321,15831,255,15263,184614019
CountryB,COU,2021-05-19,713263,11507,16091,259,15374,104470864
CountryB,COU,2021-05-20,724959,11695,16355,263,15486,113648858
CountryB,COU,2021-05-21,736846,11887,16623,268,15597,181700631
CountryB,COU,2021-05-22,748929,12082,16896,272,15709,183261819
CountryB,COU,2021-05-23,761210,12280,17173,277,15820,91906402
CountryB,COU,2021-05-24,773692,12482,17454,281,15931,135905166
CountryB,COU,2021-05-25,786379,12686,17741,286,16043,198271308
CountryB,COU,2021-05-26,799274,12894,18031,290,16154,13090015
CountryB,COU,2021-05-27,812380,13106,18327,295,16266,190451476
CountryB,COU,2021-05-28,825702,13321,18628,300,16377,121930626
CountryB,COU,2021-05-29,839241,13539,18933,305,16488,71510042
CountryB,COU,2021-05-30,853003,13761,19244,310,16600,176548348
CountryB,COU,2021-05-31,866991,13987,19559,315,16711,156568443
CountryB,COU,2021-06-01,881208,14216,19880,320,16823,195101116
CountryB,COU,2021-06-02,895657,14449,20206,325,16934,164251048
CountryB,COU,2021-06-03,910344,14686,20537,331,17046,94710425
CountryB,COU,2021-06-04,925272,14927,20874,336,17157,81078947
CountryB,COU,2021-06-05,940445,15172,21216,342,17268,12021854
CountryB,COU,2021-06-06,955866,15421,21564,347,17380,53364389
CountryB,COU,2021-06-07,971540,15674,21918,353,17491,9423565
CountryB,COU,2021-06-08,987471,15931,22277,359,17603,61012832
CountryB,COU,2021-06-09,1003664,16192,22643,365,17714,170502734
CountryB,COU,2021-06-10,1020122,16457,23014,371,17825,55100507
CountryB,COU,2021-06-11,1036849,16727,23391,377,17937,61485273
CountryB,COU,2021-06-12,1053852,17002,23775,383,18048,51703498
CountryB,COU,2021-06-13,1071132,17280,24165,389,18160,89458993
CountryB,COU,2021-06-14,1088697,17564,24561,396,18271,43969538
CountryB,COU,2021-06-15,1106549,17852,24964,402,18382,4885996
CountryB,COU,2021-06-16,1124694,18145,25373,409,18494,66131442
CountryB,COU,2021-06-17,1143137,18442,25789,416,18605,133680495
CountryB,COU,2021-06-18,1161882,18745,26212,422,18717,17342550
CountryB,COU,2021-06-19,1180934,19052,26642,429,18828,146101816
CountryB,COU,2021-06-20,1200299,19364,27079,436,18940,59487175
CountryB,COU,2021-06-21,1219981,19682,27523,444,19051,145778507
CountryB,COU,2021-06-22,1239986,20005,27974,451,19162,77610860
CountryB,COU,2021-06-23,1260320,20333,28433,458,19274,35490317
CountryB,COU,2021-06-24,1280986,20666,28899,466,19385,115199257
CountryB,COU,2021-06-25,1301992,21005,29373,473,19497,156595198
CountryB,COU,2021-06-26,1323341,21349,29855,481,19608,122325800
CountryB,COU,2021-06-27,1345041,21699,30344,489,19719,19840486
CountryB,COU,2021-06-28,1367097,22055,30842,497,19831,156985766
CountryB,COU,2021-06-29,1389515,22417,31347,505,19942,139376558
CountryB,COU,2021-06-30,1412300,22785,31862,514,20054,147675858
CountryB,COU,2021-07-01,1435459,23158,32384,522,20165,161009640
CountryB,COU,2021-07-02,1458997,23538,32915,531,20276,128961727
CountryB,COU,2021-07-03,1482921,23924,33455,539,20388,17212186
CountryB,COU,2021-07-04,1507238,24316,34003,548,20499,77572956
CountryB,COU,2021-07-05,1531954,24715,34561,557,20611,48586016
CountryB,COU,2021-07-06,1557075,25120,35128,566,20722,24352461
CountryB,COU,2021-07-07,1582607,25532,35704,576,20834,5811774
CountryB,COU,2021-07-08,1608559,25951,36289,585,20945,177628952
CountryB,COU,2021-07-09,1634936,26376,36884,595,21056,23290032
CountryB,COU,2021-07-10,1661745,26809,37489,604,21168,147754850
CountryB,COU,2021-07-11,1688994,27249,38104,614,21279,185163872
CountryB,COU,2021-07-12,1716690,27695,38729,624,21391,161349135
CountryB,COU,2021-07-13,1744840,28150,39364,635,21502,136128185
CountryB,COU,2021-07-14,1773452,28611,40009,645,21613,71618274
CountryB,COU,2021-07-15,1802533,29080,40665,656,21725,87897268
CountryB,COU,2021-07-16,1832090,29557,41332,666,21836,2716250
CountryB,COU,2021-07-17,1862133,30042,42010,677,21948,196765383
CountryB,COU,2021-07-18,1892668,30535,42699,688,22059,77796429
CountryB,COU,2021-07-19,1923703,31035,43399,700,22171,103315045
CountryC,COU,2021-01-01,67755,67755,1254,1254,0,36247926
CountryC,COU,2021-01-02,70936,3181,1313,58,7,142810662
CountryC,COU,2021-01-03,74268,3331,1375,61,14,119300548
CountryC,COU,2021-01-04,77755,3487,1439,64,22,177009390
CountryC,COU,2021-01-05,81407,3651,1507,67,29,155751709
CountryC,COU,2021-01-06,85230,3822,1577,70,36,16893104
CountryC,COU,2021-01-07,89232,4002,1652,74,44,5274763
CountryC,COU,2021-01-08,93423,4190,1729,77,51,17920034
CountryC,COU,2021-01-09,97810,4387,1810,81,58,38902849
CountryC,COU,2021-01-10,102403,4593,1895,85,66,173220719
CountryC,COU,2021-01-11,107212,4808,1984,89,73,90912535
CountryC,COU,2021-01-12,112247,5034,2078,93,80,111144831
CountryC,COU,2021-01-13,117518,5271,2175,97,88,28177783
CountryC,COU,2021-01-14,123037,5518,2277,102,95,36436577
CountryC,COU,2021-01-15,128815,5777,2384,106,102,156755893
CountryC,COU,2021-01-16,134864,6049,2496,111,110,75399130
CountryC,COU,2021-01-17,141197,6333,2614,117,117,133160320
CountryC,COU,2021-01-18,147828,6630,2736,122,125,169255139
CountryC,COU,2021-01-19,154770,6942,2865,128,132,111609672
CountryC,COU,2021-01-20,162038,7268,3000,134,139,165424611
CountryC,COU,2021-01-21,169648,7609,3140,140,147,32157132
CountryC,COU,2021-01-22,177615,7966,3288,147,154,86774057
CountryC,COU,2021-01-23,185955,8340,3442,154,161,136459532
CountryC,COU,2021-01-24,194688,8732,3604,161,169,43961911
CountryC,COU,2021-01-25,203831,9142,3773,169,176,60971701
CountryC,COU,2021-01-26,213403,9572,3951,177,183,198979340
CountryC,COU,2021-01-27,223424,10021,4136,185,191,157130161
CountryC,COU,2021-01-28,233917,10492,4330,194,198,93678415
CountryC,COU,2021-01-29,244902,10984,4534,203,205,37493775
CountryC,COU,2021-01-30,256402,11500,4747,212,213,135705798
CountryC,COU,2021-01-31,268443,12040,4970,222,220,78081696
CountryC,COU,2021-02-01,281050,12606,5203,233,228,168684449
CountryC,COU,2021-02-02,294248,13198,5447,244,235,123471255
CountryC,COU,2021-02-03,308066,13818,5703,255,242,98551284
CountryC,COU,2021-02-04,322533,14467,5971,267,250,8036238
CountryC,COU,2021-02-05,337679,15146,6251,280,257,132012236
CountryC,COU,2021-02-06,353537,15857,6545,293,264,49587534
CountryC,COU,2021-02-07,370140,16602,6852,307,272,71324918
CountryC,COU,2021-02-08,387522,17382,7174,321,279,89754096
CountryC,COU,2021-02-09,405720,18198,7511,336,286,157693023
CountryC,COU,2021-02-10,424773,19052,7864,352,294,22473969
CountryC,COU,2021-02-11,444721,19947,8233,369,301,40496213
CountryC,COU,2021-02-12,465605,20884,8620,386,308,194338291
CountryC,COU,2021-02-13,487470,21865,9025,404,316,57725591
CountryC,COU,2021-02-14,510362,22891,9449,423,323,56312081
CountryC,COU,2021-02-15,534329,23967,9892,443,331,49305501
CountryC,COU,2021-02-16,559422,25092,10357,464,338,115199829
CountryC,COU,2021-02-17,585693,26270,10843,486,345,38885538
CountryC,COU,2021-02-18,613197,27504,11352,509,353,139890458
CountryC,COU,2021-02-19,641993,28796,11886,533,360,178573816
CountryC,COU,2021-02-20,672142,30148,12444,558,367,33714701
CountryC,COU,2021-02-21,703706,31564,13028,584,375,148777831
CountryC,COU,2021-02-22,736753,33046,13640,611,382,80045579
CountryC,COU,2021-02-23,771351,34598,14281,640,389,64236189
CountryC,COU,2021-02-24,807574,36223,14951,670,397,23320675
CountryC,COU,2021-02-25,845499,37924,15653,702,404,4002735
CountryC,COU,2021-02-26,885204,39705,16388,735,411,170575447
CountryC,COU,2021-02-27,926774,41569,17158,769,419,53120826
CountryC,COU,2021-02-28,970296,43522,17964,805,426,60775960
CountryC,COU,2021-03-01,1015862,45565,18807,843,434,197788107
CountryC,COU,2021-03-02,1063567,47705,19691,883,441,103976548
CountryC,COU,2021-03-03,1113513,49945,20615,924,448,10239855
CountryC,COU,2021-03-04,1165805,52291,21584,968,456,81937024
CountryC,COU,2021-03-05,1220552,54747,22597,1013,463,134590518
CountryC,COU,2021-03-06,1277870,57318,23658,1061,470,116690607
CountryC,COU,2021-03-07,1337880,60009,24769,1111,478,74554968
CountryC,COU,2021-03-08,1400708,62827,25933,1163,485,40863808
CountryC,COU,2021-03-09,1466486,65778,27150,1217,492,71706384
CountryC,COU,2021-03-10,1535353,68867,28425,1275,500,66967344
CountryC,COU,2021-03-11,1607454,72101,29760,1334,507,12192870
CountryC,COU,2021-03-12,1682942,75487,31158,1397,514,43595132
CountryC,COU,2021-03-13,1761974,79032,32621,1463,522,189152152
CountryC,COU,2021-03-14,1844718,82743,34153,1531,529,102039708
CountryC,COU,2021-03-15,1931347,86629,35757,1603,537,6176797
CountryC,COU,2021-03-16,2022044,90697,37436,1679,544,14908556
CountryC,COU,2021-03-17,2117001,94956,39194,1758,551,55198895
CountryC,COU,2021-03-18,2216417,99415,41035,1840,559,60977180
CountryC,COU,2021-03-19,2320502,104084,42962,1927,566,56577686
CountryC,COU,2021-03-20,2429474,108972,44980,2017,573,25734014
CountryC,COU,2021-03-21,2543564,114089,47092,2112,581,104099008
CountryC,COU,2021-03-22,2663012,119447,49303,2211,588,144906134
CountryC,COU,2021-03-23,2788069,125057,51619,2315,595,69484964
CountryC,COU,2021-03-24,2918999,130929,54043,2424,603,46729058
CountryC,COU,2021-03-25,3056077,137078,56581,2537,610,5623227
CountryC,COU,2021-03-26,3199593,143515,59238,2657,617,161682605
CountryC,COU,2021-03-27,3349848,150255,62020,2781,625,86389003
CountryC,COU,2021-03-28,3507159,157311,64932,2912,632,95761197
CountryC,COU,2021-03-29,3671858,164698,67981,3049,640,162014306
CountryC,COU,2021-03-30,3844292,172433,71174,3192,647,157426018
CountryC,COU,2021-03-31,4024822,180530,74516,3342,654,54352508
CountryC,COU,2021-04-01,4213831,189008,78016,3499,662,92763639
CountryC,COU,2021-04-02,4411716,197884,81679,3663,669,154980884
CountryC,COU,2021-04-03,4618893,207177,85515,3835,676,182454856
CountryC,COU,2021-04-04,4835800,216906,89531,4015,684,184767193
CountryC,COU,2021-04-05,5062893,227092,93735,4204,691,54861959
CountryC,COU,2021-04-06,5300650,237757,98137,4401,698,162729170
CountryC,COU,2021-04-07,5549572,248922,102746,4608,706,37448708
CountryC,COU,2021-04-08,5810184,260612,107571,4825,713,174612992
CountryC,COU,2021-04-09,6083035,272850,112623,5051,720,159875045
CountryC,COU,2021-04-10,6368699,285663,117911,5288,728,163618866
CountryC,COU,2021-04-11,6667778,299078,123449,5537,735,159973638
CountryC,COU,2021-04-12,6980902,313123,129246,5797,743,92575135
CountryC,COU,2021-04-13,7308730,327828,135315,6069,750,14916711
CountryC,COU,2021-04-14,7651953,343223,141670,6354,757,149471022
CountryC,COU,2021-04-15,8011295,359341,148323,6652,765,7371805
CountryC,COU,2021-04-16,8387511,376216,155288,6965,772,188738036
CountryC,COU,2021-04-17,8781395,393883,162581,7292,779,111637858
CountryC,COU,2021-04-18,9193776,412380,170216,7634,787,29500824
CountryC,COU,2021-04-19,9625522,431746,178209,7993,794,36093665
CountryC,COU,2021-04-20,10077544,452021,186578,8368,801,8773821
CountryC,COU,2021-04-21,10550793,473248,195340,8761,809,169877867
CountryC,COU,2021-04-22,11046266,495473,204513,9173,816,116712082
CountryC,COU,2021-04-23,11565007,518740,214117,9604,823,79445026
CountryC,COU,2021-04-24,12108108,543101,224173,10055,831,177932125
CountryC,COU,2021-04-25,12676714,568605,234700,10527,838,8568158
CountryC,COU,2021-04-26,13272022,595307,245722,11021,846,92119575
CountryC,COU,2021-04-27,13895286,623264,257261,11539,853,108094355
CountryC,COU,2021-04-28,14547819,652533,269342,12081,860,19443276
CountryC,COU,2021-04-29,15230996,683176,281991,12648,868,86475225
CountryC,COU,2021-04-30,15946255,715258,295233,13242,875,138662194
CountryC,COU,2021-05-01,16695103,748848,309098,13864,882,199455321
CountryC,COU,2021-05-02,17479117,784014,323613,14515,890,130071843
CountryC,COU,2021-05-03,18299949,820832,338810,15197,897,99793479
CountryC,COU,2021-05-04,19159329,859379,354721,15910,904,98260120
CountryC,COU,2021-05-05,20059065,899736,371379,16657,912,183147300
CountryC,COU,2021-05-06,21001054,941988,388819,17440,919,116335307
CountryC,COU,2021-05-07,21987279,986225,407078,18259,926,106444367
CountryC,COU,2021-05-08,23019818,1032538,426195,19116,934,103007084
CountryC,COU,2021-05-09,24100846,1081027,446210,20014,941,65245403
CountryC,COU,2021-05-10,25232639,1131793,467164,20954,949,135533516
CountryC,COU,2021-05-11,26417583,1184943,489102,21938,956,78386178
CountryC,COU,2021-05-12,27658172,1240589,512071,22968,963,42238111
CountryC,COU,2021-05-13,28957021,1298848,536118,24047,971,127218536
CountryC,COU,2021-05-14,30316864,1359843,561295,25176,978,61099932
CountryC,COU,2021-05-15,31740566,1423702,587654,26358,985,70813458
CountryC,COU,2021-05-16,33231127,1490560,615250,27596,993,126869497
CountryC,COU,2021-05-17,34791685,1560558,644143,28892,1000,11564854
CountryC,COU,2021-05-18,36425529,1633843,674392,30249,1007,97951680
CountryC,COU,2021-05-19,38136099,1710569,706062,31669,1015,88245197
CountryC,COU,2021-05-20,39926998,1790899,739220,33157,1022,68151117
CountryC,COU,2021-05-21,41802000,1875001,773934,34714,1029,53479346
CountryC,COU,2021-05-22,43765053,1963053,810279,36344,1037,131833111
CountryC,COU,2021-05-23,45820293,2055239,848330,38051,1044,39851373
CountryC,COU,2021-05-24,47972048,2151755,888168,39838,1052,181791620
CountryC,COU,2021-05-25,50224851,2252803,929877,41709,1059,62383101
CountryC,COU,2021-05-26,52583447,2358596,973545,43667,1066,88185923
CountryC,COU,2021-05-27,55052805,2469357,1019263,45718,1074,62536915
CountryC,COU,2021-05-28,57638126,2585320,1067129,47865,1081,106891093
CountryC,COU,2021-05-29,60344855,2706729,1117242,50113,1088,10625021
CountryC,COU,2021-05-30,63178694,2833839,1169708,52466,1096,102096557
CountryC,COU,2021-05-31,66145613,2966918,1224639,54930,1103,74623692
CountryC,COU,2021-06-01,69251860,3106247,1282149,57509,1110,86350932
CountryC,COU,2021-06-02,72503979,3252118,1342360,60210,1118,115671734
CountryC,COU,2021-06-03,75908819,3404840,1405398,63038,1125,6704143
CountryC,COU,2021-06-04,79473554,3564734,1471396,65998,1132,134464007
CountryC,COU,2021-06-05,83205691,3732137,1540494,69097,1140,45795535
CountryC,COU,2021-06-06,87113093,3907401,1612837,72342,1147,171959737
CountryC,COU,2021-06-07,91203988,4090895,1688577,75740,1155,84365819
CountryC,COU,2021-06-08,95486995,4283007,1767874,79296,1162,152449971
CountryC,COU,2021-06-09,99971136,4484140,1850895,83020,1169,182992476
CountryC,COU,2021-06-10,104665855,4694718,1937814,86919,1177,101565108
CountryC,COU,2021-06-11,109581041,4915186,2028815,91001,1184,65971074
CountryC,COU,2021-06-12,114727048,5146007,2124090,95274,1191,138386148
CountryC,COU,2021-06-13,120114716,5387667,2223839,99748,1199,148529592
CountryC,COU,2021-06-14,125755392,5640676,2328272,104433,1206,71797701
CountryC,COU,2021-06-15,131660959,5905566,2437609,109337,1213,150220951
CountryC,COU,2021-06-16,137843856,6182896,2552081,114471,1221,88883809
CountryC,COU,2021-06-17,144317106,6473250,2671929,119847,1228,180929862
CountryC,COU,2021-06-18,151094344,6777238,2797405,125475,1235,199721455
CountryC,COU,2021-06-19,158189847,7095502,2928773,131368,1243,158134629
CountryC,COU,2021-06-20,165618560,7428712,3066310,137537,1250,100917332
CountryC,COU,2021-06-21,173396131,7777570,3210306,143996,1258,87143342
CountryC,COU,2021-06-22,181538942,8142811,3361065,150758,1265,141824208
CountryC,COU,2021-06-23,190064146,8525203,3518903,157838,1272,171715747
CountryC,COU,2021-06-24,198989700,8925553,3684153,165250,1280,197238182
CountryC,COU,2021-06-25,208334404,9344704,3857164,173010,1287,146050339
CountryC,COU,2021-06-26,218117943,9783538,4038299,181135,1294,47853608
CountryC,COU,2021-06-27,228360924,10242980,4227941,189641,1302,74846754
CountryC,COU,2021-06-28,239084922,10723998,4426488,198547,1309,175030181
CountryC,COU,2021-06-29,250312528,11227605,4634359,207871,1316,84689008
CountryC,COU,2021-06-30,262067391,11754862,4851992,217632,1324,169037457
CountryC,COU,2021-07-01,274374270,12306879,5079845,227853,1331,102818961
CountryC,COU,2021-07-02,287259090,12884819,5318399,238553,1338,188566787
CountryC,COU,2021-07-03,300748991,13489900,5568155,249755,1346,4024324
CountryC,COU,2021-07-04,314872387,14123396,5829640,261484,1353,45349469
CountryC,COU,2021-07-05,329659029,14786641,6103404,273764,1361,41076285
CountryC,COU,2021-07-06,345140062,15481033,6390024,286620,1368,88286811
CountryC,COU,2021-07-07,361348096,16208034,6690104,300080,1375,132798931
CountryC,COU,2021-07-08,378317271,16969175,7004277,314172,1383,122587687
CountryC,COU,2021-07-09,396083332,17766060,7333203,328926,1390,1265658
CountryC,COU,2021-07-10,414683700,18600367,7677576,344372,1397,9942227
CountryC,COU,2021-07-11,434157555,19473855,8038120,360544,1405,97561467
CountryC,COU,2021-07-12,454545917,20388361,8415596,377476,1412,39449586
CountryC,COU,2021-07-13,475891731,21345814,8810799,395202,1419,94205617
CountryC,COU,2021-07-14,498239961,22348229,9224561,413761,1427,94550512
CountryC,COU,2021-07-15,521637680,23397719,9657753,433192,1434,75089082
CountryC,COU,2021-07-16,546134174,24496493,10111288,453535,1441,14564091
CountryC,COU,2021-07-17,571781041,25646867,10586122,474833,1449,58289592
CountryC,COU,2021-07-18,598632304,26851263,11083254,497132,1456,18321794
CountryC,COU,2021-07-19,626744522,28112218,11603732,520477,1464,128304494
India,IND,2021-01-01,85570,85570,104,104,0,139665166
India,IND,2021-01-02,86769,1199,106,1,141,8940155
India,IND,2021-01-03,87986,1216,107,1,282,81885698
India,IND,2021-01-04,89220,1233,109,1,423,170720785
India,IND,2021-01-05,90470,1250,110,1,564,56428475
India,IND,2021-01-06,91739,1268,112,1,705,137474492
India,IND,2021-01-07,93025,1286,113,1,846,94950815
India,IND,2021-01-08,94330,1304,115,1,988,1858572
India,IND,2021-01-09,95652,1322,116,1,1129,58807148
India,IND,2021-01-10,96993,1341,118,1,1270,69717979
India,IND,2021-01-11,98353,1359,120,1,1411,15654762
India,IND,2021-01-12,99732,1379,121,1,1552,77727962
India,IND,2021-01-13,101131,1398,123,1,1693,195838428
India,IND,2021-01-14,102549,1417,125,1,1835,7719101
India,IND,2021-01-15,103986,1437,127,1,1976,49195633
India,IND,2021-01-16,105444,1457,128,1,2117,150807713
India,IND,2021-01-17,106923,1478,130,1,2258,189234172
India,IND,2021-01-18,108422,1499,132,1,2399,34865577
India,IND,2021-01-19,109942,1520,134,1,2540,54935626
India,IND,2021-01-20,111484,1541,136,1,2682,89379402
India,IND,2021-01-21,113047,1563,138,1,2823,139916026
India,IND,2021-01-22,114632,1585,140,1,2964,198650297
India,IND,2021-01-23,116239,1607,142,1,3105,54032542
India,IND,2021-01-24,117869,1629,144,1,3246,119028329
India,IND,2021-01-25,119521,1652,146,2,3387,188812435
India,IND,2021-01-26,121197,1675,148,2,3529,6686570
India,IND,2021-01-27,122897,1699,150,2,3670,180868115
India,IND,2021-01-28,124620,1723,152,2,3811,96120331
India,IND,2021-01-29,126367,1747,154,2,3952,71048933
India,IND,2021-01-30,128139,1771,156,2,4093,2450232
India,IND,2021-01-31,129935,1796,158,2,4234,114260359
India,IND,2021-02-01,131757,1821,161,2,4375,55169635
India,IND,2021-02-02,133605,1847,163,2,4517,181421077
India,IND,2021-02-03,135478,1873,165,2,4658,111636006
India,IND,2021-02-04,137377,1899,168,2,4799,4322238
India,IND,2021-02-05,139304,1926,170,2,4940,53282373
India,IND,2021-02-06,141257,1953,172,2,5081,9665059
India,IND,2021-02-07,143237,1980,175,2,5222,127957540
India,IND,2021-02-08,145246,2008,177,2,5364,21753581
India,IND,2021-02-09,147282,2036,180,2,5505,24456173
India,IND,2021-02-10,149347,2065,182,2,5646,195929245
India,IND,2021-02-11,151441,2093,185,2,5787,113423676
India,IND,2021-02-12,153564,2123,187,2,5928,188365067
India,IND,2021-02-13,155718,2153,190,2,6069,85941101
India,IND,2021-02-14,157901,2183,193,2,6211,75099497
India,IND,2021-02-15,160115,2213,195,2,6352,145727918
India,IND,2021-02-16,162360,2244,198,2,6493,78951706
India,IND,2021-02-17,164636,2276,201,2,6634,69296223
India,IND,2021-02-18,166945,2308,204,2,6775,199984748
India,IND,2021-02-19,169285,2340,207,2,6916,26891148
India,IND,2021-02-20,171659,2373,209,2,7058,161240985
India,IND,2021-02-21,174066,2406,212,2,7199,90666487
India,IND,2021-02-22,176506,2440,215,2,7340,21670702
India,IND,2021-02-23,178981,2474,218,3,7481,189559976
India,IND,2021-02-24,181491,2509,221,3,7622,36674379
India,IND,2021-02-25,184035,2544,225,3,7763,65349069
India,IND,2021-02-26,186616,2580,228,3,7905,192740368
India,IND,2021-02-27,189232,2616,231,3,8046,20555011
India,IND,2021-02-28,191885,2653,234,3,8187,181242613
India,IND,2021-03-01,194576,2690,237,3,8328,23513839
India,IND,2021-03-02,197304,2728,241,3,8469,164909397
India,IND,2021-03-03,200070,2766,244,3,8610,139052038
India,IND,2021-03-04,202875,2805,248,3,8751,85736285
India,IND,2021-03-05,205720,2844,251,3,8893,151323285
India,IND,2021-03-06,208604,2884,255,3,9034,44311030
India,IND,2021-03-07,211529,2924,258,3,9175,174269806
India,IND,2021-03-08,214495,2965,262,3,9316,76119552
India,IND,2021-03-09,217502,3007,266,3,9457,69260700
India,IND,2021-03-10,220552,3049,269,3,9598,132163058
India,IND,2021-03-11,223644,3092,273,3,9740,130074027
India,IND,2021-03-12,226780,3135,277,3,9881,92767208
India,IND,2021-03-13,229960,3179,281,3,10022,189911258
India,IND,2021-03-14,233184,3224,285,3,10163,138816136
India,IND,2021-03-15,236454,3269,289,3,10304,168057462
India,IND,2021-03-16,239769,3315,293,4,10445,83011686
India,IND,2021-03-17,243131,3361,297,4,10587,170016437
India,IND,2021-03-18,246540,3408,301,4,10728,173418694
India,IND,2021-03-19,249996,3456,305,4,10869,168259125
India,IND,2021-03-20,253501,3505,310,4,11010,164890579
India,IND,2021-03-21,257056,3554,314,4,11151,49764445
India,IND,2021-03-22,260660,3604,318,4,11292,100985439
India,IND,2021-03-23,264315,3654,323,4,11434,66048699
India,IND,2021-03-24,268021,3705,327,4,11575,5261158
India,IND,2021-03-25,271779,3757,332,4,11716,141227087
India,IND,2021-03-26,275589,3810,337,4,11857,58683579
India,IND,2021-03-27,279453,3864,341,4,11998,191948741
India,IND,2021-03-28,283371,3918,346,4,12139,197438651
India,IND,2021-03-29,287344,3973,351,4,12280,91087124
India,IND,2021-03-30,291373,4028,356,4,12422,171163412
India,IND,2021-03-31,295459,4085,361,4,12563,48446866
India,IND,2021-04-01,299601,4142,366,5,12704,153949759
India,IND,2021-04-02,303802,4200,371,5,12845,785438
India,IND,2021-04-03,308062,4259,376,5,12986,79594684
India,IND,2021-04-04,312381,4319,382,5,13127,30548350
India,IND,2021-04-05,316761,4379,387,5,13269,96682130
India,IND,2021-04-06,321202,4441,392,5,13410,145313818
India,IND,2021-04-07,325706,4503,398,5,13551,30141232
India,IND,2021-04-08,330272,4566,403,5,13692,31511448
India,IND,2021-04-09,334903,4630,409,5,13833,140016861
India,IND,2021-04-10,339599,4695,415,5,13974,22155438
India,IND,2021-04-11,344360,4761,421,5,14116,119107666
India,IND,2021-04-12,349188,4828,427,5,14257,12005431
India,IND,2021-04-13,354084,4895,433,5,14398,112361489
India,IND,2021-04-14,359049,4964,439,6,14539,126267574
India,IND,2021-04-15,364083,5034,445,6,14680,153545328
India,IND,2021-04-16,369188,5104,451,6,14821,20571019
India,IND,2021-04-17,374364,5176,457,6,14963,44899493
India,IND,2021-04-18,379613,5248,464,6,15104,122537004
India,IND,2021-04-19,384936,5322,470,6,15245,127399772
India,IND,2021-04-20,390333,5397,477,6,15386,195990513
India,IND,2021-04-21,395806,5472,484,6,15527,89008082
India,IND,2021-04-22,401355,5549,490,6,15668,63750615
India,IND,2021-04-23,406983,5627,497,6,15810,89960540
India,IND,2021-04-24,412689,5706,504,6,15951,82130688
India,IND,2021-04-25,418475,5786,511,7,16092,142430908
India,IND,2021-04-26,424343,5867,519,7,16233,168770728
India,IND,2021-04-27,430293,5949,526,7,16374,63733219
India,IND,2021-04-28,436326,6033,533,7,16515,97440934
India,IND,2021-04-29,442443,6117,541,7,16656,79964982
India,IND,2021-04-30,448647,6203,548,7,16798,102264283
India,IND,2021-05-01,454937,6290,556,7,16939,108247534
India,IND,2021-05-02,461316,6378,564,7,17080,143602213
India,IND,2021-05-03,467784,6468,572,7,17221,28299401
India,IND,2021-05-04,474343,6558,580,8,17362,170104287
India,IND,2021-05-05,480993,6650,588,8,17503,169681140
India,IND,2021-05-06,487737,6743,596,8,17645,121768165
India,IND,2021-05-07,494576,6838,604,8,17786,33038137
India,IND,2021-05-08,501510,6934,613,8,17927,72151575
India,IND,2021-05-09,508542,7031,622,8,18068,189500380
India,IND,2021-05-10,515672,7130,630,8,18209,147249814
India,IND,2021-05-11,522903,7230,639,8,18350,77329247
India,IND,2021-05-12,530234,7331,648,8,18492,6917597
India,IND,2021-05-13,537669,7434,657,9,18633,168349703
India,IND,2021-05-14,545207,7538,666,9,18774,65474231
India,IND,2021-05-15,552851,7644,676,9,18915,172106384
India,IND,2021-05-16,560603,7751,685,9,19056,191565774
India,IND,2021-05-17,568463,7860,695,9,19197,76552812
India,IND,2021-05-18,576434,7970,705,9,19339,108833396
India,IND,2021-05-19,584516,8082,714,9,19480,159134221
India,IND,2021-05-20,592711,8195,724,10,19621,190969377
India,IND,2021-05-21,601021,8310,735,10,19762,177235558
India,IND,2021-05-22,609448,8426,745,10,19903,149157110
India,IND,2021-05-23,617993,8545,755,10,20044,21749175
India,IND,2021-05-24,626658,8664,766,10,20185,83660195
India,IND,2021-05-25,635445,8786,777,10,20327,120548234
India,IND,2021-05-26,644354,8909,788,10,20468,78305176
India,IND,2021-05-27,653389,9034,799,11,20609,132815125
India,IND,2021-05-28,662550,9161,810,11,20750,100341625
India,IND,2021-05-29,671839,9289,821,11,20891,113776608
India,IND,2021-05-30,681259,9419,833,11,21032,174354871
India,IND,2021-05-31,690811,9551,844,11,21174,193266213
India,IND,2021-06-01,700497,9685,856,11,21315,112839554
India,IND,2021-06-02,710318,9821,868,12,21456,81746463
India,IND,2021-06-03,720278,9959,880,12,21597,108166145
India,IND,2021-06-04,730377,10098,893,12,21738,38439017
India,IND,2021-06-05,740617,10240,905,12,21879,18426984
India,IND,2021-06-06,751001,10384,918,12,22021,46424310
India,IND,2021-06-07,761531,10529,931,12,22162,140868183
India,IND,2021-06-08,772209,10677,944,13,22303,55007157
India,IND,2021-06-09,783036,10827,957,13,22444,37507778
India,IND,2021-06-10,794015,10978,971,13,22585,179472852
India,IND,2021-06-11,805147,11132,984,13,22726,3056153
India,IND,2021-06-12,816436,11288,998,13,22868,121618740
India,IND,2021-06-13,827884,11447,1012,14,23009,33055682
India,IND,2021-06-14,839491,11607,1026,14,23150,71843526
India,IND,2021-06-15,851262,11770,1041,14,23291,106158019
India,IND,2021-06-16,863197,11935,1055,14,23432,18020769
India,IND,2021-06-17,875300,12102,1070,14,23573,135915921
India,IND,2021-06-18,887573,12272,1085,15,23715,30754529
India,IND,2021-06-19,900017,12444,1100,15,23856,16016384
India,IND,2021-06-20,912636,12619,1116,15,23997,186044688
India,IND,2021-06-21,925432,12796,1131,15,24138,153891832
India,IND,2021-06-22,938408,12975,1147,15,24279,171468634
India,IND,2021-06-23,951565,13157,1163,16,24420,59677275
India,IND,2021-06-24,964907,13341,1180,16,24561,182542820
India,IND,2021-06-25,978436,13528,1196,16,24703,80437010
India,IND,2021-06-26,992154,13718,1213,16,24844,169566073
India,IND,2021-06-27,1006065,13910,1230,17,24985,120103369
India,IND,2021-06-28,1020171,14105,1247,17,25126,92039014
India,IND,2021-06-29,1034475,14303,1265,17,25267,149211362
India,IND,2021-06-30,1048979,14504,1283,17,25408,79687185
India,IND,2021-07-01,1063687,14707,1301,17,25550,162447325
India,IND,2021-07-02,1078601,14913,1319,18,25691,182240075
India,IND,2021-07-03,1093724,15122,1337,18,25832,126279402
India,IND,2021-07-04,1109059,15335,1356,18,25973,101092428
India,IND,2021-07-05,1124609,15550,1375,19,26114,36977880
India,IND,2021-07-06,1140377,15768,1394,19,26255,35522750
India,IND,2021-07-07,1156366,15989,1414,19,26397,132367545
India,IND,2021-07-08,1172580,16213,1434,19,26538,157352792
India,IND,2021-07-09,1189020,16440,1454,20,26679,45347586
India,IND,2021-07-10,1205692,16671,1474,20,26820,31664031
India,IND,2021-07-11,1222596,16904,1495,20,26961,2382163
India,IND,2021-07-12,1239738,17141,1516,20,27102,109507948
India,IND,2021-07-13,1257121,17382,1537,21,27244,113119802
India,IND,2021-07-14,1274747,17626,1559,21,27385,120031925
India,IND,2021-07-15,1292620,17873,1581,21,27526,67945412
India,IND,2021-07-16,1310744,18123,1603,22,27667,160723284
India,IND,2021-07-17,1329121,18377,1625,22,27808,164798803
India,IND,2021-07-18,1347757,18635,1648,22,27949,129221182
India,IND,2021-07-19,1366654,18896,1671,23,28091,38343695
CountryD,COU,2021-01-01,14600,14600,71,71,0,149556495
CountryD,COU,2021-01-02,14523,-76,71,0,111,28628713
CountryD,COU,2021-01-03,14447,-76,70,0,222,173505126
CountryD,COU,2021-01-04,14371,-75,70,0,334,20935511
CountryD,COU,2021-01-05,14296,-75,70,0,445,9345390
CountryD,COU,2021-01-06,14221,-74,69,0,556,49419438
CountryD,COU,2021-01-07,14146,-74,69,0,668,79245360
CountryD,COU,2021-01-08,14072,-74,69,0,779,115409599
CountryD,COU,2021-01-09,13999,-73,68,0,890,176957599
CountryD,COU,2021-01-10,13925,-73,68,0,1002,93626011
CountryD,COU,2021-01-11,13852,-72,68,0,1113,95202151
CountryD,COU,2021-01-12,13780,-72,67,0,1224,19760493
CountryD,COU,2021-01-13,13707,-72,67,0,1336,115056453
CountryD,COU,2021-01-14,13636,-71,66,0,1447,150578335
CountryD,COU,2021-01-15,13564,-71,66,0,1558,99132056
CountryD,COU,2021-01-16,13493,-71,66,0,1670,79623790
CountryD,COU,2021-01-17,13422,-70,65,0,1781,122058825
CountryD,COU,2021-01-18,13352,-70,65,0,1892,59435731
CountryD,COU,2021-01-19,13282,-69,65,0,2004,197093118
CountryD,COU,2021-01-20,13213,-69,64,0,2115,193403177
CountryD,COU,2021-01-21,13143,-69,64,0,2226,99617168
CountryD,COU,2021-01-22,13074,-68,64,0,2338,105219695
CountryD,COU,2021-01-23,13006,-68,63,0,2449,163211414
CountryD,COU,2021-01-24,12938,-68,63,0,2560,114558140
CountryD,COU,2021-01-25,12870,-67,63,0,2672,77653988
CountryD,COU,2021-01-26,12803,-67,62,0,2783,1541359
CountryD,COU,2021-01-27,12735,-67,62,0,2895,191302552
CountryD,COU,2021-01-28,12669,-66,62,0,3006,111983677
CountryD,COU,2021-01-29,12602,-66,61,0,3117,146166833
CountryD,COU,2021-01-30,12536,-66,61,0,3229,190089201
CountryD,COU,2021-01-31,12471,-65,61,0,3340,185212478
CountryD,COU,2021-02-01,12405,-65,60,0,3451,116404972
CountryD,COU,2021-02-02,12340,-65,60,0,3563,161605068
CountryD,COU,2021-02-03,12276,-64,60,0,3674,147431983
CountryD,COU,2021-02-04,12211,-64,59,0,3785,2064443
CountryD,COU,2021-02-05,12147,-63,59,0,3897,89284228
CountryD,COU,2021-02-06,12084,-63,59,0,4008,47648975
CountryD,COU,2021-02-07,12020,-63,59,0,4119,108207333
CountryD,COU,2021-02-08,11957,-62,58,0,4231,176830370
CountryD,COU,2021-02-09,11895,-62,58,0,4342,163237042
CountryD,COU,2021-02-10,11832,-62,58,0,4453,65227779
CountryD,COU,2021-02-11,11770,-62,57,0,4565,185310872
CountryD,COU,2021-02-12,11709,-61,57,0,4676,22821281
CountryD,COU,2021-02-13,11647,-61,57,0,4787,5952386
CountryD,COU,2021-02-14,11586,-61,56,0,4899,146461878
CountryD,COU,2021-02-15,11526,-60,56,0,5010,167865623
CountryD,COU,2021-02-16,11465,-60,56,0,5121,148489048
CountryD,COU,2021-02-17,11405,-60,56,0,5233,1533307
CountryD,COU,2021-02-18,11345,-59,55,0,5344,130464859
CountryD,COU,2021-02-19,11286,-59,55,0,5455,24448778
CountryD,COU,2021-02-20,11227,-59,55,0,5567,21188667
CountryD,COU,2021-02-21,11168,-58,54,0,5678,84153700
CountryD,COU,2021-02-22,11109,-58,54,0,5790,134359455
CountryD,COU,2021-02-23,11051,-58,54,0,5901,156514318
CountryD,COU,2021-02-24,10993,-57,54,0,6012,189916503
CountryD,COU,2021-02-25,10936,-57,53,0,6124,146734775
CountryD,COU,2021-02-26,10878,-57,53,0,6235,53237717
CountryD,COU,2021-02-27,10821,-57,53,0,6346,79531477
CountryD,COU,2021-02-28,10765,-56,52,0,6458,168625399
CountryD,COU,2021-03-01,10708,-56,52,0,6569,105984129
CountryD,COU,2021-03-02,10652,-56,52,0,6680,26345088
CountryD,COU,2021-03-03,10596,-55,52,0,6792,127705592
CountryD,COU,2021-03-04,10541,-55,51,0,6903,167015055
CountryD,COU,2021-03-05,10486,-55,51,0,7014,165914023
CountryD,COU,2021-03-06,10431,-54,51,0,7126,113673993
CountryD,COU,2021-03-07,10376,-54,50,0,7237,114480052
CountryD,COU,2021-03-08,10322,-54,50,0,7348,38822376
CountryD,COU,2021-03-09,10267,-54,50,0,7460,126299061
CountryD,COU,2021-03-10,10214,-53,50,0,7571,156672444
CountryD,COU,2021-03-11,10160,-53,49,0,7682,147401779
CountryD,COU,2021-03-12,10107,-53,49,0,7794,30459881
CountryD,COU,2021-03-13,10054,-52,49,0,7905,44396524
CountryD,COU,2021-03-14,10001,-52,49,0,8016,38510355
CountryD,COU,2021-03-15,9949,-52,48,0,8128,24295373
CountryD,COU,2021-03-16,9897,-52,48,0,8239,125394253
CountryD,COU,2021-03-17,9845,-51,48,0,8351,163987300
CountryD,COU,2021-03-18,9793,-51,48,0,8462,59309987
CountryD,COU,2021-03-19,9742,-51,47,0,8573,138106775
CountryD,COU,2021-03-20,9691,-51,47,0,8685,149757165
CountryD,COU,2021-03-21,9640,-50,47,0,8796,131995941
CountryD,COU,2021-03-22,9590,-50,47,0,8907,96356484
CountryD,COU,2021-03-23,9539,-50,46,0,9019,194632146
CountryD,COU,2021-03-24,9489,-49,46,0,9130,3417048
CountryD,COU,2021-03-25,9440,-49,46,0,9241,162497136
CountryD,COU,2021-03-26,9390,-49,46,0,9353,97746446
CountryD,COU,2021-03-27,9341,-49,45,0,9464,31289753
CountryD,COU,2021-03-28,9292,-48,45,0,9575,29356960
CountryD,COU,2021-03-29,9243,-48,45,0,9687,163677174
CountryD,COU,2021-03-30,9195,-48,45,0,9798,15372121
CountryD,COU,2021-03-31,9147,-48,44,0,9909,158789186
CountryD,COU,2021-04-01,9099,-47,44,0,10021,138357581
CountryD,COU,2021-04-02,9051,-47,44,0,10132,61860783
CountryD,COU,2021-04-03,9004,-47,44,0,10243,151306256
CountryD,COU,2021-04-04,8956,-47,44,0,10355,113719339
CountryD,COU,2021-04-05,8910,-46,43,0,10466,36195402
CountryD,COU,2021-04-06,8863,-46,43,0,10577,38318716
CountryD,COU,2021-04-07,8816,-46,43,0,10689,66400031
CountryD,COU,2021-04-08,8770,-46,43,0,10800,128005034
CountryD,COU,2021-04-09,8724,-45,42,0,10911,29099252
CountryD,COU,2021-04-10,8679,-45,42,0,11023,109589831
CountryD,COU,2021-04-11,8633,-45,42,0,11134,61885046
CountryD,COU,2021-04-12,8588,-45,42,0,11246,95885863
CountryD,COU,2021-04-13,8543,-45,41,0,11357,138709683
CountryD,COU,2021-04-14,8498,-44,41,0,11468,187646949
CountryD,COU,2021-04-15,8454,-44,41,0,11580,17875279
CountryD,COU,2021-04-16,8409,-44,41,0,11691,191860238
CountryD,COU,2021-04-17,8365,-44,41,0,11802,104193983
CountryD,COU,2021-04-18,8321,-43,40,0,11914,32753418
CountryD,COU,2021-04-19,8278,-43,40,0,12025,98135454
CountryD,COU,2021-04-20,8234,-43,40,0,12136,12640644
CountryD,COU,2021-04-21,8191,-43,40,0,12248,196991888
CountryD,COU,2021-04-22,8148,-42,40,0,12359,123940436
CountryD,COU,2021-04-23,8106,-42,39,0,12470,126983293
CountryD,COU,2021-04-24,8063,-42,39,0,12582,62910277
CountryD,COU,2021-04-25,8021,-42,39,0,12693,170284110
CountryD,COU,2021-04-26,7979,-42,39,0,12804,139818264
CountryD,COU,2021-04-27,7937,-41,38,0,12916,145516049
CountryD,COU,2021-04-28,7895,-41,38,0,13027,46818575
CountryD,COU,2021-04-29,7854,-41,38,0,13138,72467940
CountryD,COU,2021-04-30,7813,-41,38,0,13250,143471871
CountryD,COU,2021-05-01,7772,-40,38,0,13361,55345696
CountryD,COU,2021-05-02,7731,-40,37,0,13472,157298297
CountryD,COU,2021-05-03,7691,-40,37,0,13584,28372975
CountryD,COU,2021-05-04,7650,-40,37,0,13695,22526791
CountryD,COU,2021-05-05,7610,-40,37,0,13806,28926004
CountryD,COU,2021-05-06,7570,-39,37,0,13918,142417769
CountryD,COU,2021-05-07,7531,-39,37,0,14029,148144406
CountryD,COU,2021-05-08,7491,-39,36,0,14141,61902441
CountryD,COU,2021-05-09,7452,-39,36,0,14252,89200928
CountryD,COU,2021-05-10,7413,-39,36,0,14363,154230111
CountryD,COU,2021-05-11,7374,-38,36,0,14475,72323497
CountryD,COU,2021-05-12,7335,-38,36,0,14586,115968393
CountryD,COU,2021-05-13,7297,-38,35,0,14697,93368293
CountryD,COU,2021-05-14,7259,-38,35,0,14809,102889531
CountryD,COU,2021-05-15,7221,-38,35,0,14920,188345203
CountryD,COU,2021-05-16,7183,-37,35,0,15031,119184954
CountryD,COU,2021-05-17,7145,-37,35,0,15143,4015109
CountryD,COU,2021-05-18,7108,-37,34,0,15254,113295197
CountryD,COU,2021-05-19,7071,-37,34,0,15365,155104659
CountryD,COU,2021-05-20,7034,-37,34,0,15477,43871043
CountryD,COU,2021-05-21,6997,-36,34,0,15588,4755935
CountryD,COU,2021-05-22,6960,-36,34,0,15699,122290925
CountryD,COU,2021-05-23,6924,-36,34,0,15811,56973337
CountryD,COU,2021-05-24,6887,-36,33,0,15922,94163668
CountryD,COU,2021-05-25,6851,-36,33,0,16033,25389632
CountryD,COU,2021-05-26,6815,-35,33,0,16145,92427721
CountryD,COU,2021-05-27,6780,-35,33,0,16256,28926027
CountryD,COU,2021-05-28,6744,-35,33,0,16367,68117203
CountryD,COU,2021-05-29,6709,-35,32,0,16479,185529117
CountryD,COU,2021-05-30,6674,-35,32,0,16590,160082605
CountryD,COU,2021-05-31,6639,-34,32,0,16702,79615291
CountryD,COU,2021-06-01,6604,-34,32,0,16813,4488754
CountryD,COU,2021-06-02,6569,-34,32,0,16924,41291705
CountryD,COU,2021-06-03,6535,-34,32,0,17036,116478222
CountryD,COU,2021-06-04,6501,-34,31,0,17147,127170496
CountryD,COU,2021-06-05,6466,-34,31,0,17258,168214392
CountryD,COU,2021-06-06,6433,-33,31,0,17370,128086956
CountryD,COU,2021-06-07,6399,-33,31,0,17481,81763693
CountryD,COU,2021-06-08,6365,-33,31,0,17592,140782426
CountryD,COU,2021-06-09,6332,-33,31,0,17704,138225216
CountryD,COU,2021-06-10,6299,-33,30,0,17815,40953568
CountryD,COU,2021-06-11,6266,-33,30,0,17926,197672743
CountryD,COU,2021-06-12,6233,-32,30,0,18038,172652935
CountryD,COU,2021-06-13,6200,-32,30,0,18149,10058719
CountryD,COU,2021-06-14,6168,-32,30,0,18260,56444084
CountryD,COU,2021-06-15,6135,-32,30,0,18372,133297412
CountryD,COU,2021-06-16,6103,-32,29,0,18483,52156381
CountryD,COU,2021-06-17,6071,-31,29,0,18594,146688027
CountryD,COU,2021-06-18,6040,-31,29,0,18706,94252922
CountryD,COU,2021-06-19,6008,-31,29,0,18817,101547380
CountryD,COU,2021-06-20,5976,-31,29,0,18928,143948454
CountryD,COU,2021-06-21,5945,-31,29,0,19040,22985670
CountryD,COU,2021-06-22,5914,-31,29,0,19151,39000615
CountryD,COU,2021-06-23,5883,-30,28,0,19262,120501617
CountryD,COU,2021-06-24,5852,-30,28,0,19374,180550168
CountryD,COU,2021-06-25,5821,-30,28,0,19485,139987328
CountryD,COU,2021-06-26,5791,-30,28,0,19597,52547769
CountryD,COU,2021-06-27,5761,-30,28,0,19708,84796445
CountryD,COU,2021-06-28,5730,-30,28,0,19819,158423841
CountryD,COU,2021-06-29,5700,-30,28,0,19931,55010286
CountryD,COU,2021-06-30,5670,-29,27,0,20042,19813584
CountryD,COU,2021-07-01,5641,-29,27,0,20153,171651414
CountryD,COU,2021-07-02,5611,-29,27,0,20265,90622018
CountryD,COU,2021-07-03,5582,-29,27,0,20376,159794946
CountryD,COU,2021-07-04,5553,-29,27,0,20487,158977899
CountryD,COU,2021-07-05,5523,-29,27,0,20599,133205940
CountryD,COU,2021-07-06,5495,-28,26,0,20710,73252315
CountryD,COU,2021-07-07,5466,-28,26,0,20821,45091170
CountryD,COU,2021-07-08,5437,-28,26,0,20933,51849798
CountryD,COU,2021-07-09,5409,-28,26,0,21044,115291022
CountryD,COU,2021-07-10,5380,-28,26,0,21155,55580644
CountryD,COU,2021-07-11,5352,-28,26,0,21267,199726081
CountryD,COU,2021-07-12,5324,-28,26,0,21378,129786972
CountryD,COU,2021-07-13,5296,-27,26,0,21489,42789445
CountryD,COU,2021-07-14,5268,-27,25,0,21601,147655784
CountryD,COU,2021-07-15,5241,-27,25,0,21712,181733267
CountryD,COU,2021-07-16,5213,-27,25,0,21823,114253229
CountryD,COU,2021-07-17,5186,-27,25,0,21935,6145978
CountryD,COU,2021-07-18,5159,-27,25,0,22046,144802157
CountryD,COU,2021-07-19,5132,-27,25,0,22158,155398248
